,Expiry
0,22-Feb-2018
1,23-Feb-2017
2,24-Feb-2022
3,24-Jun-2021
4,24-Nov-2016
5,24-Nov-2022
6,24-Sep-2015
7,24-Sep-2020
8,25-Apr-2019
9,25-Aug-2016
10,25-Aug-2022
11,25-Feb-2016
12,25-Feb-2021
13,25-Jan-2017
14,25-Jan-2018
15,25-Jul-2019
16,25-Jun-2015
17,25-Jun-2020
18,25-Mar-2021
19,25-May-2017
20,25-Nov-2021
21,25-Oct-2018
22,26-Apr-2018
23,26-Aug-2021
24,26-Dec-2019
25,26-Feb-2015
26,26-Jul-2018
27,26-Mar-2015
28,26-Mar-2020
29,26-May-2016
30,26-May-2022
31,26-Nov-2015
32,26-Nov-2020
33,26-Oct-2017
34,26-Sep-2019
35,27-Apr-2017
36,27-Aug-2015
37,27-Aug-2020
38,27-Dec-2018
39,27-Feb-2020
40,27-Jan-2022
41,27-Jul-2017
42,27-Jun-2019
43,27-May-2021
44,27-Oct-2016
45,27-Oct-2022
46,27-Sep-2018
47,28-Apr-2016
48,28-Apr-2022
49,28-Dec-2017
50,28-Feb-2019
51,28-Jan-2016
52,28-Jan-2021
53,28-Jul-2016
54,28-Jul-2022
55,28-Jun-2018
56,28-Mar-2018
57,28-Mar-2019
58,28-May-2015
59,28-May-2020
60,28-Nov-2019
61,28-Oct-2021
62,28-Sep-2017
63,29-Apr-2021
64,29-Aug-2019
65,29-Dec-2016
66,29-Jan-2015
67,29-Jul-2021
68,29-Jun-2017
69,29-Nov-2018
70,29-Oct-2015
71,29-Oct-2020
72,29-Sep-2016
73,29-Sep-2022
74,30-Apr-2015
75,30-Apr-2020
76,30-Aug-2018
77,30-Dec-2021
78,30-Jan-2020
79,30-Jul-2015
80,30-Jul-2020
81,30-Jun-2016
82,30-Jun-2022
83,30-Mar-2017
84,30-May-2019
85,30-Nov-2017
86,30-Sep-2021
87,31-Aug-2017
88,31-Dec-2015
89,31-Dec-2020
90,31-Jan-2019
91,31-Mar-2016
92,31-Mar-2022
93,31-May-2018
94,31-Oct-2019
